{"name":"t:sections.header.name","type":"header","sections":{"announcement-bar":{"type":"announcement-bar","blocks":{"announcement-bar-0":{"type":"announcement","settings":{"text":"Welcome to our store","link":""}}},"block_order":["announcement-bar-0"],"disabled":true,"settings":{"color_scheme":"scheme-4","show_line_separator":true,"show_social":false,"auto_rotate":false,"change_slides_speed":5,"enable_country_selector":false,"enable_language_selector":false}},"header":{"type":"header","settings":{"logo_position":"top-center","menu":"menu","menu_type_desktop":"mega","sticky_header_type":"none","show_line_separator":false,"color_scheme":"scheme-2","menu_color_scheme":"scheme-2","enable_country_selector":true,"enable_language_selector":true,"mobile_logo_position":"center","margin_bottom":24,"padding_top":0,"padding_bottom":0}}},"order":["announcement-bar","header"]}