{"sections":{"custom_liquid_HYkTgR":{"type":"custom-liquid","custom_css":["#my-video {width: 100%; \/* Adjust the width to fit your container *\/ height: auto; \/* Maintain aspect ratio *\/ object-fit: cover; \/* Cover the entire container *\/ display: block; margin: -39px 0; \/* Center the video *\/}"],"settings":{"custom_liquid":"<video id=\"my-video\" loop autoplay muted playsinline>\n    <source src=\"https:\/\/cdn.shopify.com\/videos\/c\/o\/v\/d7de5f83c9624338b49a87f0aa0cd26d.mp4\" type=\"video\/mp4\">\n    Your browser does not support the video tag.\n<\/video>","color_scheme":"","padding_top":0,"padding_bottom":0}},"custom_liquid_DhKKiF":{"type":"custom-liquid","custom_css":["#myYY-video {width: 100%; \/* Adjust the width to fit your container *\/ height: auto; \/* Maintain aspect ratio *\/ object-fit: cover; \/* Cover the entire container *\/ display: block; margin: -50px 0; \/* Center the video *\/}"],"settings":{"custom_liquid":"<video id=\"myYY-video\" loop autoplay muted playsinline>\n    <source src=\"https:\/\/cdn.shopify.com\/videos\/c\/o\/v\/7501de27469f441eb640b816b7c02d1b.mp4\" type=\"video\/mp4\">\n    Your browser does not support the video tag.\n<\/video>","color_scheme":"","padding_top":76,"padding_bottom":0}},"17164577492fd18459":{"type":"apps","blocks":{"essential_announcer_app_block_x7GKDh":{"type":"shopify:\/\/apps\/essential-announcer\/blocks\/app-block\/93b5429f-c8d6-4c33-ae14-250fd84f361b","settings":{"id":"c3aae775-fd20-43c7-9da2-ee99da481967"}}},"block_order":["essential_announcer_app_block_x7GKDh"],"settings":{"include_margins":false}},"featured-collection-0":{"type":"featured-collection","settings":{"title":"FEATURED PRODUCTS","heading_size":"h1","description":"","show_description":false,"description_style":"body","collection":"all","products_to_show":3,"columns_desktop":3,"full_width":false,"show_view_all":false,"view_all_style":"outline","enable_desktop_slider":false,"color_scheme":"scheme-1","image_ratio":"portrait","image_shape":"default","show_secondary_image":true,"show_vendor":false,"show_rating":false,"quick_add":"standard","columns_mobile":"1","swipe_on_mobile":true,"padding_top":0,"padding_bottom":60}},"image_with_text_hertez":{"type":"image-with-text","blocks":{"heading_AwQJVH":{"type":"heading","settings":{"heading":"<strong>Embrace the chaos with 'Chaos Forever'—where comfort meets boldness.<\/strong>","heading_size":"h1"}},"text_H6yd8m":{"type":"text","settings":{"text":"","text_style":"body"}},"button_mPtddY":{"type":"button","settings":{"button_label":"Shop Now","button_link":"shopify:\/\/products\/chaos-forever-oversized-t-shirt","button_style_secondary":false}}},"block_order":["heading_AwQJVH","text_H6yd8m","button_mPtddY"],"settings":{"image":"shopify:\/\/shop_images\/black_back.png","height":"medium","desktop_image_width":"small","layout":"image_first","desktop_content_position":"middle","desktop_content_alignment":"center","content_layout":"no-overlap","section_color_scheme":"scheme-4","color_scheme":"scheme-4","image_behavior":"ambient","mobile_content_alignment":"center","padding_top":12,"padding_bottom":16}},"custom_liquid_zaaaLH":{"type":"custom-liquid","custom_css":["#myyvideo {width: 100%; \/* Adjust the width to fit your container *\/ height: auto; \/* Maintain aspect ratio *\/ object-fit: cover; \/* Cover the entire container *\/ display: block; margin: -50px 0; \/* Center the video *\/}"],"settings":{"custom_liquid":"<video id=\"myyvideo\" loop autoplay muted playsinline>\n    <source src=\"https:\/\/cdn.shopify.com\/videos\/c\/o\/v\/76f14eef0f214992937b07759db46ece.mp4\" type=\"video\/mp4\">\n    Your browser does not support the video tag.\n<\/video>","color_scheme":"","padding_top":0,"padding_bottom":0}},"17164658421af0eb27":{"type":"apps","blocks":{"instafeed_app_block_ei4G4M":{"type":"shopify:\/\/apps\/instafeed\/blocks\/app-block\/c447db20-095d-4a10-9725-b5977662c9d5","settings":{"title":"","title_color":"","alignment":"center","margin_top":62,"html_area":""}}},"block_order":["instafeed_app_block_ei4G4M"],"settings":{"include_margins":true}},"rich_text_n4LQan":{"type":"rich-text","blocks":{"heading_JqgWMT":{"type":"heading","settings":{"heading":"<strong>WE ARE CHAOS CLOZET<\/strong>","heading_size":"h1"}},"text_mEQxHq":{"type":"text","settings":{"text":"<p>We’re dedicated to delivering unmatched quality because you deserve only the best. Join us on this journey where your style aligns with our passion, enabling you to showcase class with the finest products and services. Find your next favorite!<\/p>"}},"button_t4kwFU":{"type":"button","settings":{"button_label":"Shop All","button_link":"shopify:\/\/collections\/summer-collection","button_style_secondary":false,"button_label_2":"","button_link_2":"","button_style_secondary_2":false}},"heading_dbPPQe":{"type":"heading","settings":{"heading":"Proudly Indian-Made","heading_size":"h2"}}},"block_order":["heading_JqgWMT","text_mEQxHq","button_t4kwFU","heading_dbPPQe"],"settings":{"desktop_content_position":"center","content_alignment":"center","color_scheme":"","full_width":true,"padding_top":0,"padding_bottom":52}},"custom_liquid_AjGdqT":{"type":"custom-liquid","custom_css":[".customimage-section img {max-width: 50%; height: auto; display: block; margin: -100px auto;}"," \/* Optional: Add some padding around the image *\/.custom-image-section {padding: 0px; text-align: right; \/* Center the image *\/}"," \/* Adjust padding for mobile view *\/@media (max-width: 768px) {.custom-image-section {padding: px; }}"],"settings":{"custom_liquid":"<div class=\"customimage-section\">\n    <img src=\"https:\/\/cdn.shopify.com\/s\/files\/1\/0848\/8304\/6696\/files\/Group_47.png?v=1720663295\">\n<\/div>","color_scheme":"","padding_top":76,"padding_bottom":12}}},"order":["custom_liquid_HYkTgR","custom_liquid_DhKKiF","17164577492fd18459","featured-collection-0","image_with_text_hertez","custom_liquid_zaaaLH","17164658421af0eb27","rich_text_n4LQan","custom_liquid_AjGdqT"]}