{"sections":{"main":{"type":"main-product","blocks":{"vendor":{"type":"text","settings":{"text":"{{ product.vendor }}","text_style":"body"}},"title":{"type":"title","settings":{}},"rating":{"type":"rating","settings":{}},"price":{"type":"price","settings":{}},"variant_picker":{"type":"variant_picker","settings":{"picker_type":"button","swatch_shape":"circle"}},"popup_HL8x4E":{"type":"popup","settings":{"text":"Size Chart","page":"size-chart"}},"quantity_selector":{"type":"quantity_selector","settings":{}},"buy_buttons":{"type":"buy_buttons","settings":{"show_dynamic_checkout":true,"show_gift_card_recipient":true}},"collapsible_tab_Jw4jr6":{"type":"collapsible_tab","settings":{"heading":"Description","icon":"clipboard","content":"<p>Experience the perfect blend of style and comfort with our Grey T-Shirt from Chaos Clozet. Crafted from premium quality cotton, this versatile piece is ideal for any casual or semi-formal occasion. Its timeless grey hue offers endless styling options, making it a must-have in every wardrobe. Pair it with jeans for a laid-back look or dress it up with a blazer for a more polished ensemble.<\/p>","page":""}},"collapsible_tab_HKwHMx":{"type":"collapsible_tab","settings":{"heading":"Specification","icon":"question_mark","content":"<p>UNISEX<br\/>240 GSM<br\/>FITS OVERSIZED<br\/><\/p>","page":""}},"collapsible_tab_rrCNWW":{"type":"collapsible_tab","settings":{"heading":"Wash Care","icon":"washing","content":"<p>Reverse hand wash only<br\/>Reverse iron<br\/>Wash with similar colours<br\/>Dry clean<\/p>","page":""}},"share":{"type":"share","settings":{"share_label":"Share"}}},"block_order":["vendor","title","rating","price","variant_picker","popup_HL8x4E","quantity_selector","buy_buttons","collapsible_tab_Jw4jr6","collapsible_tab_HKwHMx","collapsible_tab_rrCNWW","share"],"settings":{"enable_sticky_info":true,"color_scheme":"scheme-1","media_size":"small","constrain_to_viewport":true,"media_fit":"contain","gallery_layout":"thumbnail_slider","media_position":"left","image_zoom":"lightbox","mobile_thumbnails":"hide","hide_variants":true,"enable_video_looping":false,"padding_top":60,"padding_bottom":60}},"related-products":{"type":"related-products","settings":{"heading":"You may also like","heading_size":"h2","products_to_show":4,"columns_desktop":4,"color_scheme":"scheme-1","image_ratio":"portrait","image_shape":"default","show_secondary_image":true,"show_vendor":false,"show_rating":false,"columns_mobile":"2","padding_top":0,"padding_bottom":60}}},"order":["main","related-products"]}