{"current":{"logo":"shopify:\/\/shop_images\/CHAOS_CLOZET_880854f4-b2a3-4734-adb6-30d25307fca7.png","logo_width":190,"favicon":"shopify:\/\/shop_images\/image.png","type_header_font":"inconsolata_n7","heading_scale":120,"type_body_font":"inconsolata_n4","body_scale":115,"page_width":1600,"spacing_sections":64,"spacing_grid_horizontal":20,"spacing_grid_vertical":40,"animations_reveal_on_scroll":true,"animations_hover_elements":"3d-lift","buttons_border_thickness":0,"buttons_border_opacity":0,"buttons_radius":40,"buttons_shadow_opacity":50,"buttons_shadow_horizontal_offset":0,"buttons_shadow_vertical_offset":4,"buttons_shadow_blur":15,"variant_pills_border_thickness":1,"variant_pills_border_opacity":55,"variant_pills_radius":40,"variant_pills_shadow_opacity":0,"variant_pills_shadow_horizontal_offset":0,"variant_pills_shadow_vertical_offset":4,"variant_pills_shadow_blur":15,"inputs_border_thickness":1,"inputs_border_opacity":55,"inputs_radius":26,"inputs_shadow_opacity":100,"inputs_shadow_horizontal_offset":0,"inputs_shadow_vertical_offset":-8,"inputs_shadow_blur":20,"card_style":"standard","card_image_padding":0,"card_text_alignment":"left","card_color_scheme":"scheme-1","card_border_thickness":0,"card_border_opacity":100,"card_corner_radius":18,"card_shadow_opacity":40,"card_shadow_horizontal_offset":0,"card_shadow_vertical_offset":4,"card_shadow_blur":40,"collection_card_style":"card","collection_card_image_padding":16,"collection_card_text_alignment":"left","collection_card_color_scheme":"scheme-1","collection_card_border_thickness":1,"collection_card_border_opacity":100,"collection_card_corner_radius":18,"collection_card_shadow_opacity":0,"collection_card_shadow_horizontal_offset":0,"collection_card_shadow_vertical_offset":4,"collection_card_shadow_blur":5,"blog_card_style":"card","blog_card_image_padding":16,"blog_card_text_alignment":"left","blog_card_color_scheme":"scheme-1","blog_card_border_thickness":1,"blog_card_border_opacity":100,"blog_card_corner_radius":18,"blog_card_shadow_opacity":0,"blog_card_shadow_horizontal_offset":0,"blog_card_shadow_vertical_offset":4,"blog_card_shadow_blur":5,"text_boxes_border_thickness":0,"text_boxes_border_opacity":10,"text_boxes_radius":20,"text_boxes_shadow_opacity":0,"text_boxes_shadow_horizontal_offset":0,"text_boxes_shadow_vertical_offset":4,"text_boxes_shadow_blur":5,"media_border_thickness":0,"media_border_opacity":10,"media_radius":20,"media_shadow_opacity":0,"media_shadow_horizontal_offset":0,"media_shadow_vertical_offset":4,"media_shadow_blur":5,"popup_border_thickness":1,"popup_border_opacity":10,"popup_corner_radius":18,"popup_shadow_opacity":0,"popup_shadow_horizontal_offset":0,"popup_shadow_vertical_offset":4,"popup_shadow_blur":5,"drawer_border_thickness":0,"drawer_border_opacity":10,"drawer_shadow_opacity":0,"drawer_shadow_horizontal_offset":0,"drawer_shadow_vertical_offset":4,"drawer_shadow_blur":5,"badge_position":"top left","badge_corner_radius":0,"sale_badge_color_scheme":"scheme-4","sold_out_badge_color_scheme":"scheme-1","brand_headline":"","brand_description":"<p><\/p>","brand_image_width":100,"social_facebook_link":"","social_instagram_link":"https:\/\/www.instagram.com\/chaosclozet\/","social_youtube_link":"","social_tiktok_link":"","social_twitter_link":"","social_snapchat_link":"","social_pinterest_link":"","social_tumblr_link":"","social_vimeo_link":"","predictive_search_enabled":true,"predictive_search_show_vendor":false,"predictive_search_show_price":false,"currency_code_enabled":true,"cart_type":"drawer","show_vendor":false,"show_cart_note":false,"cart_drawer_collection":"summer-collection","cart_color_scheme":"scheme-1","sections":{"main-password-header":{"type":"main-password-header","settings":{"color_scheme":"scheme-3"}},"main-password-footer":{"type":"main-password-footer","settings":{"color_scheme":"scheme-3"}}},"content_for_index":[],"blocks":{"5460033060862993441":{"type":"shopify:\/\/apps\/essential-announcer\/blocks\/app-embed\/93b5429f-c8d6-4c33-ae14-250fd84f361b","disabled":false,"settings":{}},"11813581335429059158":{"type":"shopify:\/\/apps\/whatsapp-chat-widget\/blocks\/app-embed\/b85b5e45-9cea-417a-9b9e-0aa961ccf3ef","disabled":false,"settings":{"show_on_desktop":true,"show_on_mobile":true,"show_label_on_desktop":false,"show_label_on_mobile":false,"show_scroll_bar":false,"show_gdpr_notice":false,"use_click_to_chat":false,"widget_label_text":"Need Help? Chat with us","widget_text":"Start a Conversation","description":"Hi! Click one of our member below to chat on WhatsApp","response_text":"The team typically replies in a few minutes.","gdpr_text":"Please accept our privacy policy first to start a conversation.","background_color":"#2db742","text_color":"#ffffff","position":"right","label_width":155,"scroll_bar_height":500,"icon_size":56,"distance_left":30,"distance_right":30,"distance_bottom":30}},"12042751398604708466":{"type":"shopify:\/\/apps\/rt-background-music-player\/blocks\/app-embed\/fa302603-80f3-48ed-964d-7b0f09cd2f8d","disabled":false,"settings":{}},"4015264832934714879":{"type":"shopify:\/\/apps\/ecomsend-popups\/blocks\/app\/a5670cf8-5705-4b01-ad9e-447033feae26","disabled":false,"settings":{}}},"color_schemes":{"scheme-1":{"settings":{"background":"#ffffff","background_gradient":"","text":"#000000","button":"#000000","button_label":"#eff0f5","secondary_button_label":"#000000","shadow":"#000000"}},"scheme-2":{"settings":{"background":"#ffffff","background_gradient":"","text":"#000000","button":"#000000","button_label":"#ffffff","secondary_button_label":"#000000","shadow":"#000000"}},"scheme-3":{"settings":{"background":"#0e1b4d","background_gradient":"","text":"#ffffff","button":"#ffffff","button_label":"#0e1b4d","secondary_button_label":"#ffffff","shadow":"#0e1b4d"}},"scheme-4":{"settings":{"background":"#000000","background_gradient":"","text":"#ffffff","button":"#ffffff","button_label":"#000000","secondary_button_label":"#ffffff","shadow":"#000000"}},"scheme-5":{"settings":{"background":"#e32402","background_gradient":"","text":"#ffffff","button":"#ffffff","button_label":"#e32402","secondary_button_label":"#ffffff","shadow":"#0e1b4d"}},"scheme-c071c252-151b-4a4c-a084-9eb9709e874f":{"settings":{"background":"#f6f5f1","background_gradient":"linear-gradient(67deg, rgba(114, 255, 249, 0), rgba(246, 245, 241, 1) 100%)","text":"#000000","button":"#000000","button_label":"#f6f5f1","secondary_button_label":"#000000","shadow":"#000000"}},"scheme-0acb7631-960f-4714-8cb3-b5548e544bdb":{"settings":{"background":"#ffffff","background_gradient":"","text":"#000000","button":"#000000","button_label":"#eff0f5","secondary_button_label":"#000000","shadow":"#000000"}}}},"presets":{"Default":{"logo_width":140,"color_schemes":{"scheme-1":{"settings":{"background":"#eff0f5","background_gradient":"","text":"#0e1b4d","button":"#4770db","button_label":"#eff0f5","secondary_button_label":"#0e1b4d","shadow":"#0e1b4d"}},"scheme-2":{"settings":{"background":"#FFFFFF","background_gradient":"","text":"#0e1b4d","button":"#0e1b4d","button_label":"#FFFFFF","secondary_button_label":"#0e1b4d","shadow":"#0e1b4d"}},"scheme-3":{"settings":{"background":"#0e1b4d","background_gradient":"","text":"#FFFFFF","button":"#FFFFFF","button_label":"#0e1b4d","secondary_button_label":"#FFFFFF","shadow":"#0e1b4d"}},"scheme-4":{"settings":{"background":"#4770db","background_gradient":"","text":"#FFFFFF","button":"#FFFFFF","button_label":"#4770db","secondary_button_label":"#FFFFFF","shadow":"#0e1b4d"}},"scheme-5":{"settings":{"background":"#E32402","background_gradient":"","text":"#FFFFFF","button":"#FFFFFF","button_label":"#E32402","secondary_button_label":"#FFFFFF","shadow":"#0e1b4d"}}},"type_header_font":"archivo_n7","heading_scale":110,"type_body_font":"questrial_n4","body_scale":105,"page_width":1200,"spacing_sections":0,"spacing_grid_horizontal":28,"spacing_grid_vertical":28,"animations_reveal_on_scroll":true,"animations_hover_elements":"none","buttons_border_thickness":1,"buttons_border_opacity":100,"buttons_radius":40,"buttons_shadow_opacity":0,"buttons_shadow_horizontal_offset":0,"buttons_shadow_vertical_offset":4,"buttons_shadow_blur":5,"variant_pills_border_thickness":1,"variant_pills_border_opacity":55,"variant_pills_radius":40,"variant_pills_shadow_opacity":0,"variant_pills_shadow_horizontal_offset":0,"variant_pills_shadow_vertical_offset":4,"variant_pills_shadow_blur":5,"inputs_border_thickness":1,"inputs_border_opacity":55,"inputs_radius":26,"inputs_shadow_opacity":0,"inputs_shadow_horizontal_offset":0,"inputs_shadow_vertical_offset":4,"inputs_shadow_blur":5,"card_style":"card","card_image_padding":16,"card_text_alignment":"left","card_color_scheme":"scheme-1","card_border_thickness":1,"card_border_opacity":100,"card_corner_radius":18,"card_shadow_opacity":0,"card_shadow_horizontal_offset":0,"card_shadow_vertical_offset":4,"card_shadow_blur":5,"collection_card_style":"card","collection_card_image_padding":16,"collection_card_text_alignment":"left","collection_card_color_scheme":"scheme-1","collection_card_border_thickness":1,"collection_card_border_opacity":100,"collection_card_corner_radius":18,"collection_card_shadow_opacity":0,"collection_card_shadow_horizontal_offset":0,"collection_card_shadow_vertical_offset":4,"collection_card_shadow_blur":5,"blog_card_style":"card","blog_card_image_padding":16,"blog_card_text_alignment":"left","blog_card_color_scheme":"scheme-1","blog_card_border_thickness":1,"blog_card_border_opacity":100,"blog_card_corner_radius":18,"blog_card_shadow_opacity":0,"blog_card_shadow_horizontal_offset":0,"blog_card_shadow_vertical_offset":4,"blog_card_shadow_blur":5,"text_boxes_border_thickness":0,"text_boxes_border_opacity":10,"text_boxes_radius":20,"text_boxes_shadow_opacity":0,"text_boxes_shadow_horizontal_offset":0,"text_boxes_shadow_vertical_offset":4,"text_boxes_shadow_blur":5,"media_border_thickness":0,"media_border_opacity":10,"media_radius":20,"media_shadow_opacity":0,"media_shadow_horizontal_offset":0,"media_shadow_vertical_offset":4,"media_shadow_blur":5,"popup_border_thickness":1,"popup_border_opacity":10,"popup_corner_radius":18,"popup_shadow_opacity":0,"popup_shadow_horizontal_offset":0,"popup_shadow_vertical_offset":4,"popup_shadow_blur":5,"drawer_border_thickness":0,"drawer_border_opacity":10,"drawer_shadow_opacity":0,"drawer_shadow_horizontal_offset":0,"drawer_shadow_vertical_offset":4,"drawer_shadow_blur":5,"badge_position":"top left","badge_corner_radius":0,"sale_badge_color_scheme":"scheme-4","sold_out_badge_color_scheme":"scheme-1","brand_headline":"","brand_description":"<p><\/p>","brand_image_width":100,"social_twitter_link":"","social_facebook_link":"","social_pinterest_link":"","social_snapchat_link":"","social_instagram_link":"","social_tiktok_link":"","social_tumblr_link":"","social_youtube_link":"","social_vimeo_link":"","predictive_search_enabled":true,"predictive_search_show_vendor":false,"predictive_search_show_price":false,"currency_code_enabled":false,"cart_type":"drawer","show_vendor":false,"show_cart_note":false,"cart_drawer_collection":"","cart_color_scheme":"scheme-1","sections":{"main-password-header":{"type":"main-password-header","settings":{"color_scheme":"scheme-3"}},"main-password-footer":{"type":"main-password-footer","settings":{"color_scheme":"scheme-3"}}}}},"platform_customizations":{"custom_css":[".glow-border-animation {overflow: hidden;}"]}}